diseaseName,GENEID
Neoplasms,61
Malignant Neoplasms,60
Primary malignant neoplasm,56
Malignant neoplasm of breast,47
Body Height,47
Colorectal Carcinoma,44
Breast Carcinoma,36
"Leukemia, Myelocytic, Acute",33
Carcinogenesis,32
Body mass index,27
Tumor Cell Invasion,25
Neoplasm Metastasis,24
Malignant neoplasm of prostate,23
Schizophrenia,22
Prostate carcinoma,22
mathematical ability,22
Intelligence,20
Liver carcinoma,20
Malignant neoplasm of lung,20
Waist-Hip Ratio,19
Carcinoma of lung,19
Adolescent idiopathic scoliosis,18
Primary malignant neoplasm of lung,18
White Blood Cell Count procedure,18
"SCOLIOSIS, ISOLATED, SUSCEPTIBILITY TO, 3",18
Blood Protein Measurement,18
"Diabetes Mellitus, Non-Insulin-Dependent",17
Finding of Mean Corpuscular Hemoglobin,16
Alzheimer's Disease,16
Malignant neoplasm of colon and/or rectum,16
Global developmental delay,16
Red Blood Cell Count measurement,15
Systolic Pressure,15
melanoma,15
Non-Small Cell Lung Carcinoma,15
Rheumatoid Arthritis,15
Eosinophil count procedure,14
Red cell distribution width determination,14
Malignant tumor of colon,14
RDW - Red blood cell distribution width result,14
Smoking,13
Corpuscular Hemoglobin Concentration Mean,13
Intellectual Disability,13
Stomach Carcinoma,13
Asthma,13
Tumor Progression,12
Malignant neoplasm of stomach,12
Squamous cell carcinoma of esophagus,12
Triglycerides measurement,11
Colorectal Neoplasms,11
Malignant neoplasm of liver,10
Parkinson Disease,10
"Carcinoma, Ovarian Epithelial",10
Short stature,10
Bipolar Disorder,10
Seizures,9
Mammary Neoplasms,9
Coronary heart disease,9
Malignant neoplasm of ovary,9
Mean Corpuscular Volume (result),9
Serum total cholesterol measurement,9
Secondary malignant neoplasm of lymph node,8
Colon Carcinoma,8
Adenocarcinoma of large intestine,8
Glioma,8
Age at menarche,8
Diastolic blood pressure,8
Coronary Artery Disease,8
Glomerular Filtration Rate,8
"Liver Cirrhosis, Experimental",7
Orbital separation excessive,7
Obesity,7
Chronic Obstructive Airway Disease,7
Bone Density,7
Liver and Intrahepatic Biliary Tract Carcinoma,7
Male infertility,7
Major Depressive Disorder,7
Psoriasis,7
Low density lipoprotein cholesterol measurement,7
Lung Neoplasms,7
"Lupus Erythematosus, Systemic",7
Pancreatic carcinoma,7
Adult Liver Carcinoma,7
Hypertensive disease,7
Reticulocyte count (procedure),7
Squamous cell carcinoma,7
ovarian neoplasm,7
"COLORECTAL CANCER, SUSCEPTIBILITY TO, 3",7
Micrognathism,7
Depressive disorder,7
Adenocarcinoma of lung (disorder),7
"COLORECTAL CANCER, SUSCEPTIBILITY TO, 12",7
"COLORECTAL CANCER, SUSCEPTIBILITY TO, 10",7
Dwarfism,7
"COLORECTAL CANCER, SUSCEPTIBILITY TO, 1",7
Crohn Disease,7
Platelet mean volume determination (procedure),7
Microcephaly,7
leukemia,7
Mental Depression,7
Malignant neoplasm of large intestine,7
Depressed mood,7
Mental disorders,6
Serum albumin measurement,6
Delayed speech and language development,6
Secondary Neoplasm,6
Ulcerative Colitis,6
"Short Stature, CTCAE",6
Liver neoplasms,6
Ankylosing spondylitis,6
Anxiety,6
"Scoliosis, unspecified",6
Dysmorphic facies,6
"HIV-1, RESISTANCE TO",6
Pain,6
Height,6
Developmental delay (disorder),6
cervical cancer,6
Vital capacity,6
Autistic Disorder,6
Age at menopause,6
Renal Cell Carcinoma,6
"HUMAN IMMUNODEFICIENCY VIRUS TYPE 1, SUSCEPTIBILITY TO",6
Diabetes Mellitus,6
Malignant neoplasm of urinary bladder,6
Glioblastoma Multiforme,6
Lean body mass,6
"ACQUIRED IMMUNODEFICIENCY SYNDROME, PROGRESSION TO",6
"AIDS, PROGRESSION TO",6
Congestive heart failure,6
Glioblastoma,6
Generalized hypotonia,6
Malignant neoplasm of pancreas,6
Carcinoma,5
Cardiac Arrhythmia,5
Squamous cell carcinoma of skin,5
"Kidney Failure, Chronic",5
Platelet Count measurement,5
Multiple Sclerosis,5
Chronic Lymphocytic Leukemia,5
Nystagmus,5
Asthenozoospermia,5
Attention deficit hyperactivity disorder,5
"Nystagmus, CTCAE 3.0",5
"Nystagmus, CTCAE 5.0",5
Atrial Fibrillation,5
Leukemogenesis,5
Middle Cerebral Artery Occlusion,5
Diabetic Nephropathy,5
Autism Spectrum Disorders,5
"Low-set, posteriorly rotated ears",5
Malignant tumor of cervix,5
Neurodegenerative Disorders,5
Cervix carcinoma,5
Diabetes,5
Malignant mesothelioma,5
B-Cell Lymphomas,5
Endometriosis,5
Conventional (Clear Cell) Renal Cell Carcinoma,5
Childhood Neuroblastoma,5
Strabismus,5
Myocardial Infarction,5
Neuroblastoma,5
"Mammary Carcinoma, Human",5
Acute lymphocytic leukemia,5
Lymphocyte Count measurement,5
Cleft Palate,5
"Mammary Neoplasms, Human",5
Sarcoma,5
Neutrophil count (procedure),5
Heart failure,5
Bladder Neoplasm,5
Smoking Behaviors,5
Central neuroblastoma,5
Impaired cognition,5
Byzanthine arch palate,4
Childhood Acute Lymphoblastic Leukemia,4
Polycystic Ovary Syndrome,4
Ischemic stroke,4
Carcinoma of bladder,4
Substance Use Disorders,4
Chronic kidney disease stage 5,4
Pervasive Development Disorder,4
Brain Neoplasms,4
Childhood Glioblastoma,4
Blood basophil count (lab test),4
Papillary thyroid carcinoma,4
Childhood Leukemia,4
Hydrocephalus,4
High density lipoprotein measurement,4
Hepatocarcinogenesis,4
Anxiety Disorders,4
Uterine Fibroids,4
Allergic Reaction,4
Drug abuse,4
Congenital absence of germinal epithelium of testes,4
Adenocarcinoma,4
Cryptorchidism,4
Malignant neoplasm of thyroid,4
Viral Load result,4
Epilepsy,4
MYELODYSPLASTIC SYNDROME,4
Agenesis of corpus callosum,4
Delayed bone age,4
Nasopharyngeal carcinoma,4
Malignant neoplasm of larynx,4
Endometrial Carcinoma,4
Malignant neoplasm of endometrium,4
Narcolepsy,4
Adult Acute Lymphocytic Leukemia,4
Adult Glioblastoma,4
Encephalomyelitis,4
Degenerative polyarthritis,4
Secondary malignant neoplasm of liver,4
Fetal Growth Retardation,4
Muscle Weakness,4
Thyroid Neoplasm,4
Diffuse Large B-Cell Lymphoma,4
Liver Cirrhosis,4
Metastatic Prostate Carcinoma,4
Multiple Myeloma,4
Metastasis from malignant tumor of prostate,4
Thyroid carcinoma,4
"Diabetes Mellitus, Insulin-Dependent",4
Monocyte count result,4
Kaposi Sarcoma,4
Forced expiratory volume function,4
Monocyte count procedure,4
Joint laxity,4
Short neck,4
Hepatomegaly,3
Cerebral ventriculomegaly,3
Hepatitis B,3
Dilated ventricles (finding),3
Hepatitis C,3
Sporadic Parkinson disease,3
Creutzfeldt-Jakob disease,3
Squamous cell carcinoma of the head and neck,3
Cardiovascular Diseases,3
Eczema,3
Cerebellar Hypoplasia,3
Sclerocystic Ovaries,3
Drug habituation,3
Polycystic Kidney Diseases,3
Celiac Disease,3
Drug Use Disorders,3
Drug Dependence,3
Squamous cell carcinoma of lung,3
"Gait Disturbance, CTCAE",3
Cerebrovascular accident,3
Helicobacter pylori (H. pylori) infection in conditions classified elsewhere and of unspecified site,3
Prescription Drug Abuse,3
Ptosis,3
Familial (FPAH),3
Primary Ciliary Dyskinesia,3
Primary biliary cirrhosis,3
Fanconi Anemia,3
Chronic Kidney Diseases,3
"Condition, Preneoplastic",3
Fatigue,3
Short thorax,3
Shprintzen syndrome,3
Feeding difficulties,3
Skeletal dysplasia,3
Prostatic Neoplasms,3
Cleft upper lip,3
Congenital Epicanthus,3
Squamous cell carcinoma of tongue,3
Congenital Heart Defects,3
Congenital pectus excavatum,3
Coronary Arteriosclerosis,3
Poor school performance,3
Gait abnormality,3
Solid Neoplasm,3
Eosinophilic esophagitis,3
Precancerous Conditions,3
Congenital pectus carinatum,3
Precursor Cell Lymphoblastic Leukemia Lymphoma,3
Epileptic encephalopathy,3
Esophageal carcinoma,3
Childhood Osteosarcoma,3
"FANCONI ANEMIA, COMPLEMENTATION GROUP A (disorder)",3
Sodium measurement,3
Failure to Thrive,3
Cardiomyopathies,3
DiGeorge Syndrome,3
Malignant transformation,3
Adenocarcinoma of prostate,3
"Malformations of Cortical Development, Group II",3
Malignant Pleural Mesothelioma,3
Azoospermia,3
Adult Meningioma,3
Barrett Esophagus,3
Osteosarcoma,3
Osteosarcoma of bone,3
Malignant neoplasm of soft tissue,3
Influenza,3
Acoustic Neuroma,3
Inflammatory Bowel Diseases,3
Waist Circumference,3
Myotonic Dystrophy,3
Blepharoptosis,3
Myopia,3
Myopathy,3
Body Fat Distribution,3
Bone Mineral Density Test,3
Juvenile arthritis,3
Alcohol consumption,3
"Alcoholic Intoxication, Chronic",3
"Kidney Failure, Acute",3
Amyotrophic Lateral Sclerosis,3
Low set ears,3
Tuberculosis,3
Long narrow head,3
Long face,3
Unipolar Depression,3
Triple-Negative Breast Carcinoma,3
Triple Negative Breast Neoplasms,3
Hernia,3
Arteriosclerosis,3
Uric acid measurement (procedure),3
Obstructive azoospermia,3
"Lymphoma, Non-Hodgkin",3
Atherosclerosis,3
Neuralgia,3
"Organic Mental Disorders, Substance-Induced",3
Alopecia,3
Brachydactyly,3
Neuroendocrine Tumors,3
Meningioma,3
Mild Mental Retardation,3
Periventricular Nodular Heterotopia,3
"Myeloid Leukemia, Chronic",3
Mesothelioma,3
Carcinoma of larynx,3
Highly arched eyebrow,3
Multiple congenital anomalies,3
Hyperactive behavior,3
Substance abuse problem,3
Hypoplasia of corpus callosum,3
Melanocytic nevus,3
Suntan,3
Hypospadias,3
Physical Activity Measurement,3
Synovitis,3
Hyperreflexia,3
ANOPHTHALMIA AND PULMONARY HYPOPLASIA,3
response to bronchodilator,3
Substance Dependence,3
"Meningioma, benign, no ICD-O subtype",3
Substance-Related Disorders,3
"Lymphoma, Non-Hodgkin, Familial",2
Nephronophthisis,2
Nephrotic Syndrome,2
Muscle hypotonia,2
"Muscular Dystrophy, Duchenne",2
Mucosa-Associated Lymphoid Tissue Lymphoma,2
Myoclonus,2
Diarrhea,2
Diabetic Retinopathy,2
Motor delay,2
Rhabdomyosarcoma,2
Lymphoma,2
Mild cognitive disorder,2
Mood Disorders,2
Recurrent respiratory infections,2
Recurrent infections,2
Epithelial ovarian cancer,2
Rectal Carcinoma,2
RESTING HEART RATE,2
Esotropia,2
Neurodevelopmental Disorders,2
Macrocephaly,2
Malignant Head and Neck Neoplasm,2
Neck webbing,2
Renal cyst,2
Dysarthria,2
Respiratory distress,2
Medullary carcinoma of thyroid,2
Maxillary Sinus Squamous Cell Carcinoma,2
Dyskeratosis Congenita,2
Myopathic facies,2
Medulloblastoma,2
Dysmorphic features,2
Myeloproliferative disease,2
Respiratory Insufficiency,2
Respiratory Function Tests,2
Lyme Disease,2
"Respiratory Distress Syndrome, Adult",2
Retinitis Pigmentosa,2
Downward slant of palpebral fissure,2
Malaria,2
Malignant neoplasm of skin,2
Malignant neoplasm of kidney,2
Down Syndrome,2
Retinoblastoma,2
"Encephalitis, St. Louis",2
NEUROTICISM,2
Malignant neoplasm of esophagus,2
Malignant neoplasm of brain,2
Renal Insufficiency,2
Endometrial Neoplasms,2
Retinopathy of Prematurity,2
Endometrial Stromal Sarcoma,2
Mean blood pressure,2
Nasal bridge wide,2
Hermanski-Pudlak Syndrome,2
Nonsyndromic Deafness,2
FRAGILE X TREMOR/ATAXIA SYNDROME,2
Idiopathic pulmonary arterial hypertension,2
Head and Neck Carcinoma,2
Polymyositis,2
Polynesian Bronchiectasis,2
Polysomnography,2
Post-Traumatic Stress Disorder,2
Hair Color,2
Hypsarrhythmia,2
Idiopathic Pulmonary Fibrosis,2
Pancreatitis,2
Pulmonary Fibrosis,2
Immunologic Deficiency Syndromes,2
Pancreatic Ductal Adenocarcinoma,2
HIV Infections,2
HER2-positive carcinoma of breast,2
Precursor T-Cell Lymphoblastic Leukemia-Lymphoma,2
"POLYDACTYLY, POSTAXIAL",2
Infection by Cryptococcus neoformans,2
Granulocyte count,2
Parkinsonian Disorders,2
Paroxysmal atrial fibrillation,2
Hypertrophic Cardiomyopathy,2
Polydactyly,2
Platelet Component Distribution Width Measurement,2
Pick Disease of the Brain,2
Human immunodeficiency virus (HIV) II infection category B1,2
Human papilloma virus infection,2
Pneumonia,2
Pneumonitis,2
Personality Traits,2
Persistent atrial fibrillation,2
"Polyarthritis, Juvenile, Rheumatoid Factor Negative",2
Hyperalgesia,2
Hyperkeratosis,2
"Hepatitis B, Chronic",2
"Hyperkeratosis, CTCAE",2
Hyperopia,2
"Polyarthritis, Juvenile, Rheumatoid Factor Positive",2
Hemoglobin measurement,2
Hematologic Neoplasms,2
Infection caused by Helicobacter pylori,2
Gout,2
"Gonadal Dysgenesis, 46,XY",2
Kartagener Syndrome,2
Finding of body mass index,2
Kidney Neoplasm,2
"Fibrosis, Liver",2
Fibrinogen assay,2
Protein measurement,2
Feeding difficulties in infancy,2
"Leukemia, B-Cell",2
Lissencephaly,2
Pseudocholinesterase Measurement,2
Fasting blood glucose measurement,2
Non-obstructive azoospermia,2
Long philtrum,2
Familial aplasia of the vermis,2
Non-Metastatic Childhood Soft Tissue Sarcoma,2
Low anterior hairline,2
Neuronal heterotopia,2
Neurologic Symptoms,2
Kidney Diseases,2
Focal glomerulosclerosis,2
Primary angle-closure glaucoma,2
Juvenile-Onset Still Disease,2
Influenza due to Influenza A virus subtype H1N1,2
Intracranial Aneurysm,2
Intrahepatic Cholangiocarcinoma,2
Intrauterine retardation,2
Invasive carcinoma of breast,2
Isolated somatotropin deficiency,2
Osteopenia,2
Osteochondrodysplasias,2
Gastroparesis,2
Gastric Adenocarcinoma,2
Gallbladder Carcinoma,2
Joint hyperflexibility,2
Prominent nasal bridge,2
Frontotemporal dementia,2
Frontotemporal Lobar Degeneration,2
Frontal bossing,2
Juvenile psoriatic arthritis,2
von Willebrand's factor (lab test),2
Respiratory syncytial virus (RSV) infection in conditions classified elsewhere and of unspecified site,2
Chronic heart failure,2
Adult T-Cell Lymphoma/Leukemia,2
Adult Medulloblastoma,2
Adult Non-Hodgkin Lymphoma,2
Adult Rhabdomyosarcoma,2
Adult Soft Tissue Sarcoma,2
Clinodactyly of the 5th finger,2
Clinodactyly of fingers,2
Astrocytoma,2
Tonometry,2
Clear-cell metastatic renal cell carcinoma,2
Well Differentiated Pancreatic Endocrine Tumor,2
Stomach Diseases,2
Caffeine related disorders,2
Cirrhosis,2
Adult type dermatomyositis,2
Uterine Corpus High Grade Endometrial Stromal Sarcoma,2
Ciliopathies,2
Ciliary Motility Disorders,2
"Ciliary Dyskinesia, Primary, 1, With Or Without Situs Inversus",2
Adult Lymphoma,2
Variable expressivity,2
Vascular Diseases,2
Subcortical Band Heterotopia,2
Acute leukemia,2
Atrial Septal Defects,2
WAGR Syndrome,2
Vitiligo,2
Bronchopulmonary Dysplasia,2
Burkitt Lymphoma,2
Congenital Abnormality,2
Adenoid Cystic Carcinoma,2
Conductive hearing loss,2
Anteverted nostril,2
Thymoma,2
Ventricular Septal Defects,2
Ataxia,2
Colitis,2
Venous Thromboembolism,2
"CATARACT, ANTERIOR POLAR",2
Single transverse palmar crease,2
"Arthritis, Gouty",2
Steatohepatitis,2
Arthritis aggravated,2
Childhood Medulloblastoma,2
Upward slant of palpebral fissure,2
Somatotropin deficiency,2
"Cardiomyopathy, Dilated",2
Aortic Valve Insufficiency,2
Spastic Paraplegia,2
"Cardiomyopathy, Familial Idiopathic",2
Anaplastic thyroid carcinoma,2
"Child Development Disorders, Pervasive",2
Central Serous Chorioretinopathy,2
Aortic Aneurysm,2
Tuberous Sclerosis,2
Chemical and Drug Induced Liver Injury,2
Cerebellar Dysmetria,2
Cerebellar atrophy,2
"Spermatogenic Failure, Nonobstructive, Y-Linked",2
Angle Closure Glaucoma,2
Spontaneous abortion,2
Childhood Lymphoma,2
Childhood Non-Hodgkin Lymphoma,2
Uterine Angiosarcoma,2
Childhood Rhabdomyosarcoma,2
Arthritis,2
Alcohol-Induced Disorders,2
Alcohol-Related Disorders,2
Slipped Capital Femoral Epiphyses,2
"Carcinoma, Endometrioid",2
Slow progression,2
Small cell carcinoma of lung,2
Triangular face,2
Small for gestational age (disorder),2
"Cholangitis, Sclerosing",2
Cholangiocarcinoma,2
"Alzheimer Disease, Early Onset",2
Childhood asthma,2
Ambiguous Genitalia,2
Ureteral obstruction,2
Aplasia Cutis Congenita,2
Childhood Soft Tissue Sarcoma,2
Bronchiectasis,2
Adenoma,2
Cervical Intraepithelial Neoplasia,2
Secondary malignant neoplasm of lung,2
Systemic Scleroderma,2
cocaine use,2
Sepsis,2
Biliary Atresia,2
Dementia,2
Sensorineural Hearing Loss (disorder),2
Autoimmune Diseases,2
Teratoma,2
Thin upper lip vermilion,2
"Creatinine measurement, serum (procedure)",2
Bacterial Infections,2
Birth Weight,2
Babinski Reflex,2
Cupped ears (finding),2
Septicemia,2
familial atrial fibrillation,2
Bleeding tendency,2
Cutaneous Melanoma,2
Thickened helices,2
Body mass index procedure,2
Cyst,2
Abnormality of brain morphology,2
Secondary malignant neoplasm of bone,2
"Azoospermia, Nonobstructive",2
Cytogenetically normal acute myeloid leukemia,2
Thick vermilion border,2
Sarcoma of soft tissue,2
Decreased muscle mass,2
Dental caries,2
hearing impairment,2
Constipation,2
Abducens Nerve Palsy,2
Acute Coronary Syndrome,2
Wide nose,2
Wide spaced nipples,2
Acquired Immunodeficiency Syndrome,2
Congenital chromosomal disease,2
Broad nasal tip,2
Syndactyly,2
Dermatomyositis,2
response to SSRI,2
Depressed nasal bridge,2
"Dermatitis, Atopic",2
Serum gamma-glutamyl transferase measurement,2
beta Thalassemia,2
body fat percentage (physical finding),2
Congenital exomphalos,2
Abscess,2
beta^+^ Thalassemia,2
Abnormal behavior,2
Atypical femoral fracture,2
"Osteoarthritis, Knee",1
Nicotine Use Disorder,1
Testicular Neoplasms,1
Otitis Media with Effusion,1
Thick lower lip vermilion,1
Non-alcoholic Fatty Liver Disease,1
Trophoblastic Neoplasms,1
Trisomy 18 Syndrome,1
Tauopathies,1
Neutrophilic asthma,1
Temperature instability,1
Trismus,1
"Truncus Arteriosus, Persistent",1
Nevus,1
Osteofibrous Dysplasia,1
Tetralogy of Fallot,1
Nicotine Dependence,1
Osteoporosis,1
"Ovarian Failure, Premature",1
Tented upper lip vermilion,1
Ovarian Carcinoma,1
New Variant Creutzfeldt-Jakob Disease,1
Other Creutzfeldt-Jakob disease,1
Oligospermia,1
Noonan Syndrome,1
Ochoa syndrome,1
Thoracolumbar scoliosis,1
"Thrombocythemia, Essential",1
Tobacco Dependence,1
Thrombocytopenia,1
Occipital Encephalocele,1
Thyroxine measurement,1
Oral Ulcer,1
Ocular axial length,1
Tongue nodules,1
Oral Cavity Carcinoma,1
"Opitz-G syndrome, type 2",1
Oestrogen receptor positive breast cancer,1
Ophthalmoplegia,1
Olfactory Neuroblastoma,1
Oligodontia,1
Open mouth (finding),1
Thoracic hypoplasia,1
OROFACIODIGITAL SYNDROME XV,1
Noonan syndrome-like disorder with loose anagen hair,1
Trematode Infections,1
Noonan-Like Syndrome With Loose Anagen Hair,1
Osteoarthritis of hip,1
Oropharynx (excludes nasopharynx),1
Nuclear cataract,1
Tremor,1
Nuclear sclerosis,1
Oligohydramnios,1
Thin rib,1
OROFACIODIGITAL SYNDROME VI,1
Numbness,1
Transferrin saturation measurement,1
Total iron binding capacity function,1
Thin skin,1
Oropharyngeal disorders,1
Orofaciodigital Syndromes,1
Orofaciodigital Syndrome I,1
Thickened nuchal skin fold,1
Richter's syndrome,1
Tumor Cell Mobility,1
Myocardial Ischemia,1
estrogen receptor-negative breast cancer,1
"Muscular Dystrophies, Limb-Girdle",1
developmentally delayed,1
de novo myelodysplastic syndromes,1
Muscular stiffness,1
Mutism,1
Mycobacterium avium-intracellulare Infection,1
Myelodysplasia,1
"Myelodysplasia, CTCAE",1
bone destruction,1
Myeloperoxidase Measurement,1
Zimmerman Laband syndrome,1
Viral myocarditis,1
XX males,1
Wiskott-Aldrich Syndrome,1
Myocardial hypoxia,1
Myocardial necrosis,1
Wiedemann-Rautenstrauch syndrome,1
Myofibromatosis,1
Welander Distal Myopathy,1
Weight less than 3rd percentile,1
Weight Gain,1
Waddling gait,1
Vitelliform Macular Dystrophy,1
Muscle degeneration,1
Muscle damage,1
female puberty,1
Muscle Spasticity,1
trachomatis,1
synovial sarcoma,1
Motion Sickness,1
Motor Disorders,1
Motor Neuron Disease,1
psychosocial stressor,1
Moyamoya Disease,1
Moyamoya disease 1,1
peak expiratory flow (procedure),1
Mucocutaneous Lymph Node Syndrome,1
neurofibroma,1
nervous system disorder,1
Multiple Endocrine Neoplasia,1
Multiple Endocrine Neoplasia Type 1,1
myeloblastosis,1
"Multiple Endocrine Neoplasia, Type IV",1
liposarcoma,1
insulinoma,1
Multiple malignancy,1
Multiple renal cysts,1
gliosarcoma,1
Muscle Hypertonia,1
Muscle Rigidity,1
Virus Diseases,1
Myxoinflammatory fibroblastic sarcoma,1
Tumor Immunity,1
Unilateral agenesis of kidney,1
"Usher Syndrome, Type I",1
Tapered sperm head,1
Urothelial Carcinoma,1
"Neoplasms, Vascular Tissue",1
Nephroblastoma,1
Nephrocalcinosis,1
Nephrogenic Diabetes Insipidus,1
Urolithiasis,1
Urinary bladder sphincter dysfunction,1
Urinary Incontinence,1
Neurocognitive Disorders,1
Ultrafiltration failure,1
Vesico-Ureteral Reflux,1
"USHER SYNDROME, TYPE IG",1
"Neuroectodermal Tumor, Primitive",1
Turner Syndrome,1
Neurofibromatoses,1
Neurofibromatosis 1,1
Tumor-Associated Vasculature,1
Tumor Promotion,1
Neuromyelitis Optica,1
Tumor Initiation,1
Neuropil Threads,1
Neutropenia,1
Neonatal respiratory distress,1
Neonatal Hypotonia,1
Neonatal Death,1
Neointimal hyperplasia,1
"NEPHROTIC SYNDROME, STEROID-RESISTANT, AUTOSOMAL RECESSIVE",1
Vertigo,1
Vertical forehead creases,1
Verrucous carcinoma,1
"NEURODEVELOPMENTAL DISORDER WITH REGRESSION, ABNORMAL MOVEMENTS, LOSS OF SPEECH, AND SEIZURES",1
Ventricular Fibrillation,1
Ventouse delivery (finding),1
Vascular inflammations,1
Vascular calcification,1
Narrow face,1
Narrow pelvis bone,1
Narrow sacroiliac notch,1
Van Buchem disease,1
Narrow thorax,1
VITILIGO-ASSOCIATED MULTIPLE AUTOIMMUNE DISEASE SUSCEPTIBILITY 1 (finding),1
Nasal Polyps,1
VERVERI-BRADY SYNDROME,1
Uterine Corpus Sarcoma,1
Nasal voice,1
"Nasal, dysarthic speech",1
Uterine Cervicitis,1
Nausea,1
Uterine Cervical Neoplasm,1
Overbite,1
Papilloma,1
Overfolding of the superior helices,1
Psychotic Disorders,1
Proteinuria,1
Shwachman syndrome,1
Proximal femoral metaphyseal irregularity,1
Pruritus,1
Short sperm flagella,1
Short ribs,1
Pseudolymphoma,1
Pseudotumor Cerebri,1
Short palpebral fissure,1
Short nose,1
Psychosexual identity disorder,1
Short metacarpal,1
Short long bone,1
Protein C measurement,1
Short fourth metatarsal,1
Pulmonary Emphysema,1
Short femoral neck,1
Pulmonary Stenosis,1
Short distal phalanx of finger,1
Short 4th metacarpal,1
Pulmonary Venous Return Anomaly,1
Pulmonary artery stenosis,1
Pulmonary function,1
Pulmonary function (finding),1
Pustulosis of Palms and Soles,1
Pyle metaphyseal dysplasia,1
Silicosis,1
Situs Inversus,1
Profound Mental Retardation,1
"Sleep Apnea, Central",1
Profound global developmental delay,1
Progressive cerebellar ataxia,1
Progressive encephalopathy,1
Sleep disturbances,1
Progressive inability to walk,1
Progressive sensorineural hearing impairment,1
Progressive supranuclear palsy,1
Prolactinoma,1
"Sleep Apnea, Obstructive",1
Prolonged neonatal jaundice,1
Prominent forehead,1
Prominent metopic ridge,1
Skin lesion,1
Situs ambiguus,1
Prominent occiput,1
Promyelocytic leukemia,1
Proportionate shortening of all digits,1
"Prostate Cancer, Hereditary, 7",1
Skin callus,1
Prostate cancer recurrent,1
"Prostate cancer, familial",1
Prostatic Intraepithelial Neoplasias,1
Skin Pigmentation,1
Protein C antigen measurement,1
"Skin Diseases, Genetic",1
Situs inversus totalis,1
Pyloric Stenosis,1
Quadriplegia,1
Shigella Infections,1
"SPONDYLOCOSTAL DYSOSTOSIS, AUTOSOMAL RECESSIVE 2",1
"Schizophrenia, Childhood",1
Sarcoidosis,1
Salivary gland carcinoma,1
Respiratory insufficiency due to muscle weakness,1
Moderate global developmental delay,1
Restless Legs Syndrome,1
Restrictive cardiomyopathy,1
Restrictive ventilatory defect,1
STRUCTURAL HEART DEFECTS AND RENAL ANOMALIES SYNDROME,1
ST segment elevation myocardial infarction,1
"SPONDYLOEPIMETAPHYSEAL DYSPLASIA, FADEN-ALKURAYA TYPE",1
"SPONDYLOCOSTAL DYSOSTOSIS, AUTOSOMAL RECESSIVE 3",1
"SPONDYLOCOSTAL DYSOSTOSIS 6, AUTOSOMAL RECESSIVE",1
Severe visual impairment,1
SPONDYLOCOSTAL DYSOSTOSIS 5,1
Retinitis Pigmentosa 14,1
Retinitis Pigmentosa 26,1
"SPONDYLOCOSTAL DYSOSTOSIS 4, AUTOSOMAL RECESSIVE",1
SPERMATOGENIC FAILURE 24,1
"SPASTIC PARAPLEGIA 72, AUTOSOMAL RECESSIVE",1
Rhinitis,1
Rib segmentation abnormalities,1
"SPASTIC PARAPLEGIA 72, AUTOSOMAL DOMINANT",1
"SIMPSON-GOLABI-BEHMEL SYNDROME, TYPE 1",1
"SCAPULOPERONEAL MYOPATHY, X-LINKED DOMINANT",1
Romberg's sign positive,1
Respiratory Tract Diseases,1
Respiratory Syncytial Virus Infections,1
Respiratory Failure,1
Secondary malignant neoplasm of colon and/or rectum,1
Severe myopia,1
RETINITIS PIGMENTOSA 9,1
Radial polydactyly,1
Radioulnar Synostosis,1
Severe muscular hypotonia,1
Recurrent aphthous ulcer,1
Severe intellectual disability,1
Recurrent otitis media,1
Severe global developmental delay,1
Recurrent tumor,1
Serum creatinine raised,1
Serum LDL cholesterol measurement,1
Septal hypertrophy,1
Reduced bone mineral density,1
Reduced fetal movement,1
Refractory anemias,1
Sentinel node (disorder),1
Senile Plaques,1
"Seizures, Focal",1
Secondary polycythemia,1
Renal carcinoma,1
Renal carnitine transport defect,1
Renal hypoplasia/aplasia,1
Resistant hypertensive disorder,1
"Respiratory Distress Syndrome, Newborn",1
Slender long bone,1
Prion Diseases,1
Overriding toe,1
Pelvic Inflammatory Disease,1
Paraganglioma,1
Syndactyly of fingers,1
Parasitic Diseases,1
Parathyroid Adenoma,1
Parathyroid hormone measurement,1
Paresis,1
Swyer Syndrome,1
Supraventricular tachycardia,1
Partial agenesis of corpus callosum,1
Patent ductus arteriosus,1
Pathological personality NOS,1
Pediatric failure to thrive,1
Pemphigus Foliaceus,1
Papillary serous endometrial carcinoma,1
Pemphigus and fogo selvagem,1
Pena-Shokeir syndrome type I,1
Penile hypospadias,1
Pericardial effusion,1
Peripheral Arterial Diseases,1
"Subfertility, Male",1
Peripheral Neuropathy,1
"Periventricular Heterotopia, X-Linked",1
"Stress, Psychological",1
Persistence of hemoglobin F,1
Stomach Neoplasms,1
Persistent Hyperplastic Primary Vitreous,1
Rod-Cone Dystrophy,1
Systolic Murmurs,1
Sloping forehead,1
"POLYDACTYLY, POSTAXIAL, TYPE A7",1
Ovoid vertebral bodies,1
PARAGANGLIOMA AND GASTRIC STROMAL SARCOMA,1
"PARKINSON DISEASE 2, AUTOSOMAL RECESSIVE JUVENILE",1
"PARKINSON DISEASE, LATE-ONSET",1
PERIVENTRICULAR NODULAR HETEROTOPIA 6,1
Talipes cavus,1
"PITUITARY ADENOMA, FAMILIAL ISOLATED (disorder)",1
Talipes Calcaneovalgus,1
Takotsubo Cardiomyopathy,1
POLYCYSTIC KIDNEY DISEASE 5,1
Takayasu Arteritis,1
Tactile Allodynia,1
"POROKERATOSIS, DISSEMINATED SUPERFICIAL ACTINIC, 1",1
Pancytopenia,1
PREMATURE CENTROMERE DIVISION,1
Pachygyria,1
Tachypnea,1
Pancreatic Cyst,1
"Tachycardia, Ventricular",1
"TUMORAL CALCINOSIS, HYPERPHOSPHATEMIC, FAMILIAL",1
TUBEROUS SCLEROSIS 2 (disorder),1
THROMBOCYTOPENIA 1 (disorder),1
"Pancreatitis, Alcoholic",1
T-Cell Lymphoma,1
Systolic blood pressure measurement,1
"Pancreatitis, Chronic",1
Personality Disorders,1
Steroid-resistant nephrotic syndrome,1
Steroid resistant nephrotic syndrome of childhood,1
Postaxial polydactyly type A,1
Polycythemia Vera,1
Polydactyly of toes,1
Specific learning disability,1
"Spasticity, CTCAE",1
Polyhydramnios,1
Polymicrogyria,1
Spastic gait,1
Spastic Quadriplegia,1
"Spastic Paraplegia, Hereditary",1
Poor coordination,1
Poorly differentiated carcinoma,1
Sparse hair,1
Posteriorly rotated ear,1
Stereotypic Movement Disorder,1
Social Communication Disorder,1
Smooth philtrum,1
Pregnancy associated hypertension,1
Premature Menopause,1
Presenile dementia,1
Small midface,1
Primary Lesion,1
Primary Sj√∂gren's syndrome,1
Small for gestational age fetus,1
Small epiphyses,1
Small Lymphocytic Lymphoma,1
Slurred speech,1
Spina Bifida Occulta,1
Spinal canal stenosis,1
"Polycystic Kidney, Autosomal Dominant",1
Spondyloepimetaphyseal disorder,1
Steatorrhea,1
Phenylketonurias,1
Pheochromocytoma,1
Phimosis,1
Phospholipid measurement,1
Photopsia,1
Static Tremor,1
Stage IV Gallbladder Cancer AJCC v8,1
Stage III Gallbladder Cancer AJCC v8,1
Pituitary Neoplasms,1
Plagiocephaly,1
Plantar flexion contractures,1
Stage IIB Gallbladder Cancer AJCC v8,1
Stage IIA Gallbladder Cancer AJCC v8,1
Stage 0 Gallbladder Cancer AJCC v8,1
Stable angina,1
Platyspondyly,1
Pleural effusion disorder,1
Squamous cell carcinoma of penis,1
Plexiform leiomyoma,1
Squamous cell carcinoma of mouth,1
Pointed chin,1
Squamous Papilloma of the Larynx,1
Sporadic CJD,1
Polycystic Kidney - body part,1
Molar tooth sign on MRI,1
"46, XX true hermaphrodite",1
Mixed respiratory and metabolic acidosis,1
Chronic Periodontitis,1
Chronic sinusitis,1
Chronic rhinitis,1
Chronic otitis media,1
Chronic myeloproliferative disorder,1
Chronic low back pain,1
Chronic gastritis,1
Chronic atrial fibrillation,1
Choreoathetosis,1
Circling behavior,1
Chordoma,1
Chondrodysplasia,1
Cholestasis,1
Cholera,1
Chloride measurement,1
Childhood Teratoma,1
Childhood Synovial Sarcoma,1
Circadian Rhythms,1
Classical phenylketonuria,1
Childhood Liposarcoma,1
Coiled sperm flagella,1
Conduction disorder of the heart,1
Complete trisomy 18 syndrome,1
Complete atrioventricular block,1
Complete Trisomy 21 Syndrome,1
Common Variable Immunodeficiency,1
Colpocephaly,1
Colonic Neoplasms,1
Coffin-Siris syndrome,1
Clinodactyly,1
Cocaine Dependence,1
Cocaine Abuse,1
Coarse hair,1
Coarse facial features,1
Coagulation factor measurement,1
Clumsiness - motor delay,1
Clubbed Fingers,1
Childhood Renal Cell Carcinoma,1
Childhood Kidney Wilms Tumor,1
Cone-Rod Dystrophy 2,1
"Carcinoma, Small Cell",1
Cardiovascular Abnormalities,1
Cardio-facio-cutaneous syndrome,1
Cardiac troponin T measurement,1
Cardiac troponin I measurement,1
Cardiac defects,1
Cardiac Arrest,1
"Carcinoma, Transitional Cell",1
"Carcinoma, Lewis Lung",1
Central Nervous System Neoplasms,1
"Carcinoma of urinary bladder, invasive",1
Carcinoid Tumor,1
Cannabis use,1
"Candidiasis, Chronic Mucocutaneous",1
Calcium measurement,1
"CORTICAL DYSPLASIA, COMPLEX, WITH OTHER BRAIN MALFORMATIONS 4",1
"CORNEAL ENDOTHELIAL DYSTROPHY 1, AUTOSOMAL DOMINANT",1
Carney Triad,1
Central Y-shaped metacarpal,1
Childhood Hepatocellular Carcinoma,1
Cervical dysplasia,1
Childhood Burkitt Lymphoma,1
Childhood B Acute Lymphoblastic Leukemia,1
Childhood Astrocytoma,1
Chikungunya Fever,1
Chemically-Induced Liver Toxicity,1
Chediak-Higashi Syndrome,1
Cervical kyphosis,1
Cervical Squamous Cell Carcinoma,1
Central visual impairment,1
Cerebrovascular Disorders,1
Cerebral cortical atrophy,1
Cerebral atrophy,1
Cerebral Palsy,1
Cerebral Autosomal Recessive Arteriopathy with Subcortical Infarcts and Leukoencephalopathy,1
Cerebellar vermis hypoplasia,1
Cerebellar Ataxia,1
Cone-Rod Dystrophies,1
Congenital Dysplasia Of The Hip,1
COMBINED OXIDATIVE PHOSPHORYLATION DEFICIENCY 8,1
Depressed nasal ridge,1
Diffuse cerebral atrophy,1
Dextrocardia with situs inversus,1
Developmental stagnation,1
Developmental regression,1
Developmental Coordination Disorder,1
Deuteranomaly,1
"Depression, Bipolar",1
Dentinogenesis Imperfecta,1
Disorder of circulatory system,1
Dentin Dysplasia,1
Dental Enamel Hypoplasia,1
"Delirium, Dementia, Amnestic, Cognitive Disorders",1
Deglutition Disorders,1
Deformity,1
Deficiency of glucose-6-phosphate dehydrogenase,1
Defect of vertebral segmentation,1
Dilation of lateral ventricles,1
Diverticular Bleeding,1
Deep Vein Thrombosis,1
Dryness of eye,1
Ectopic Pregnancy,1
Early Pregnancy Loss,1
Dystrophia unguium,1
Dystonia,1
Dysplastic Nevus,1
Dysautonomia,1
Duration of sleep,1
Dry Eye Syndromes,1
Diverticular Diseases,1
Drug-induced neutropenia,1
Drug-Induced Liver Disease,1
Drug-Induced Acute Liver Injury,1
Drooling,1
Dizziness,1
Diverticulosis,1
Diverticulitis,1
Deep philtrum,1
Decreased vibratory sense,1
Congenital Hemidysplasia with Ichthyosiform Erythroderma and Limb Defects,1
Congenital dyserythropoietic anemia,1
Corneal Topography,1
Congenital small ears,1
Congenital meningocele,1
Congenital hypoplasia of lung,1
Congenital hydronephrosis,1
Congenital hemivertebra,1
Congenital fusion of ribs,1
Congenital diaphragmatic hernia,1
Corneal guttata,1
Congenital dermal melanocytosis,1
Congenital contractural arachnodactyly,1
Congenital atresia of extrahepatic bile duct,1
Congenital arteriovenous malformation,1
Congenital anomaly of brain,1
Congenital absence of spleen,1
Congenital absence of kidneys syndrome,1
Corneal dystrophy,1
Coronary Aneurysm,1
Decreased tendon reflex,1
"Cystadenocarcinoma, Serous",1
Decompression Sickness,1
Death in infancy,1
Deafness,1
"DEAFNESS, AUTOSOMAL RECESSIVE 88",1
"DEAFNESS, AUTOSOMAL RECESSIVE 25",1
"DEAFNESS, AUTOSOMAL RECESSIVE (disorder)",1
Cystic Fibrosis,1
Cyanosis,1
Cortical visual impairment,1
"Creutzfeldt-Jakob Disease, Sporadic",1
"Creutzfeldt-Jakob Disease, Familial",1
Craniosynostosis,1
Craniofacial Abnormalities,1
Coughing,1
Costello syndrome (disorder),1
Corticobasal degeneration,1
"CONGENITAL DISORDER OF GLYCOSYLATION, TYPE Ip",1
"CILIARY DYSKINESIA, PRIMARY, 35",1
Electroencephalogram abnormal,1
"Adenocarcinoma, Endometrioid",1
"Adrenal hyperplasia, congenital, type 5",1
Adrenal Gland Pheochromocytoma,1
Adrenal Cortical Adenoma,1
Adenomatous Polyposis Coli,1
Adenoma of lung,1
Adenoma of large intestine,1
Adenoid cystic carcinoma of salivary gland,1
Adenocarcinoma of rectum,1
Adult Burkitt Lymphoma,1
Adenocarcinoma of pancreas,1
Adenocarcinoma of colon,1
Adenocarcinoma Of Esophagus,1
Addictive Behavior,1
Acute-On-Chronic Liver Failure,1
Acute myocardial infarction,1
Acute infectious disease,1
Adrenocortical carcinoma,1
Adult Erythroleukemia,1
Acute exacerbation of chronic obstructive airways disease,1
Albuminuria,1
Amelogenesis Imperfecta,1
"Alzheimer Disease, Late Onset",1
Alveolar rhabdomyosarcoma,1
Allergy to peanuts,1
Allergic rhinitis (disorder),1
Alkaline phosphatase measurement,1
Alcohol abuse or dependence,1
Agenesis,1
Adult Hepatocellular Carcinoma,1
Age-related cataract,1
Age related macular degeneration,1
African Trypanosomiasis,1
Adverse Event Associated with Cardiac Arrhythmia,1
Adult Teratoma,1
Adult Synovial Sarcoma,1
Adult Liposarcoma,1
Acute heart failure,1
Acute chest pain,1
Amnesia,1
Abnormal form of the vertebral bodies,1
Abnormality of coagulation,1
Abnormality of brainstem morphology,1
Abnormal platelet function,1
Abnormal pigmentation,1
Abnormal oral frenulum morphology,1
Abnormal heart valve morphology,1
Abnormal hair quantity,1
Abnormal dermatoglyphic pattern,1
Abnormality of immune system physiology,1
Abnormal delivery,1
Abnormal cortical bone morphology,1
Abnormal conjugate eye movement,1
ATRIAL SEPTAL DEFECT 1,1
AICARDI-GOUTIERES SYNDROME,1
ACTH-Secreting Pituitary Adenoma,1
6q terminal deletion syndrome,1
Abnormality of female internal genitalia,1
Abnormality of pulmonary valve,1
Acute Promyelocytic Leukemia,1
Absent reflex,1
Acute Erythroblastic Leukemia,1
Acute Chest Syndrome,1
Actual Aspiration,1
Activated Protein C Resistance,1
Acne Vulgaris,1
Acidosis,1
Absent speech,1
"Abortion, Tubal",1
Abnormality of the dentition,1
Abnormality of the ureter,1
Abnormality of the tongue,1
Abnormality of the spleen,1
Abnormality of the respiratory system,1
Abnormality of the metaphysis,1
Abnormality of the intervertebral disk,1
Abnormality of the elbow,1
Amino acids measurement,1
Amyloidosis,1
CIC-DUX Sarcoma,1
Benign melanocytic nevus,1
Bodily Pain,1
Birth length less than 3rd percentile,1
Birth length,1
Biparietal narrowing,1
Biliary tract abnormality,1
Bilateral Periventricular Nodular Heterotopia,1
Bilateral Cryptorchidism,1
Beckwith-Wiedemann Syndrome,1
"Bone Cysts, Aneurysmal",1
Becker Muscular Dystrophy,1
Basal Cell Nevus Syndrome,1
Barretts esophagus with high grade dysplasia,1
"BREAST CANCER, SUSCEPTIBILITY TO",1
BONE MARROW FAILURE SYNDROME 3,1
Autosomal recessive retinitis pigmentosa,1
Autosomal dominant spondylocostal dysostosis,1
Body Weight,1
Bone Marrow failure syndromes,1
Autosomal Recessive Primary Microcephaly,1
Broad philtrum,1
CAPILLARY MALFORMATION-ARTERIOVENOUS MALFORMATION (disorder),1
C-reactive protein measurement,1
Butterfly vertebrae,1
Bullous Dermatitis,1
Bulbous nose,1
"Bronchitis, Chronic",1
Broad-based gait,1
Broad hallux,1
Bone marrow failure syndrome 1,1
Broad forehead,1
Brain Ischemia,1
Brain Infarction,1
Bradycardia,1
Borderline Personality Disorder,1
Bone marrow hypocellularity,1
Bone marrow failure syndrome 2,1
Autosomal dominant retinitis pigmentosa,1
Autosomal Recessive Polycystic Kidney Disease,1
"Amyotrophic Lateral Sclerosis, Familial",1
Anorexia,1
Aplasia/Hypoplasia of the abdominal wall musculature,1
Aplasia/Hypoplasia involving the pelvis,1
Aplasia of the semicircular canal,1
"Aortic Aneurysm, Abdominal",1
Antiphospholipid Syndrome,1
Anthracosis,1
Anterior rib cupping,1
"Angina, Unstable",1
Aplasia/Hypoplasia of the eyebrow,1
"Anemia, Sickle Cell",1
Anemia,1
Anasarca,1
Anaplastic large B-cell lymphoma,1
Anaplasia,1
Analgesic Overuse Headache,1
"Amyotrophic Lateral Sclerosis, Sporadic",1
Aplasia/Hypoplasia of the corpus callosum,1
Aplasia/Hypoplasia of the ribs,1
Autoimmune hepatitis,1
Ataxia Telangiectasia,1
Autoimmune Chronic Hepatitis,1
Autistic spectrum disorder with isolated skills,1
Autistic behavior,1
Atrophy of corpus callosum,1
Atelectasis,1
"Ataxia, Truncal",1
"Ataxia, Appendicular",1
Asymptomatic human immunodeficiency virus infection,1
Aplastic Anemia,1
Asymmetrical skull,1
Astigmatism,1
Aspartate aminotransferase measurement,1
Arthrogryposis,1
"Arthritis, Psoriatic",1
"Arteriovenous Malformations, Cerebral",1
Apnea,1
"Edema, generalized",1
Elevated hepatic transaminase,1
Mitochondrial respiratory chain defects,1
Limitation of joint mobility,1
Lobulated tongue,1
Liver regeneration disorder,1
Liver cyst,1
"Liver Abscess, Amebic",1
Lipodystrophy,1
Lip and Oral Cavity Carcinoma,1
Limited extraocular movements,1
Limb defects,1
Long QT Syndrome,1
Lewy Body Disease,1
"Leukoencephalopathy, Progressive Multifocal",1
"Leukemia, Myelomonocytic, Chronic",1
Leptospirosis,1
Leprosy,1
"Leishmaniasis, Visceral",1
Leiomyosarcoma of uterus,1
Locally advanced breast cancer,1
Long eyelashes,1
Laryngeal Squamous Cell Carcinoma,1
Luminal A Breast Carcinoma,1
Lupus Vulgaris,1
Lupus Nephritis,1
"Lupus Erythematosus, Discoid",1
Lupus Erythematosus,1
"Lung Diseases, Obstructive",1
"Lung Diseases, Interstitial",1
Luminal B Breast Carcinoma,1
Low posterior hairline,1
Long nose,1
Low grade glioma,1
Low alkaline phosphatase,1
Low Grade Lymphoma (neoplasm),1
Loss of speech,1
Loss of ability to walk,1
Lordosis,1
Long palm,1
Left Ventricular Hypertrophy,1
Large nose,1
"Lymphangioma, Cystic",1
Interleukin 1 Receptor-Like 1 Measurement,1
Inverted Papilloma,1
Invasive Ductal Breast Carcinoma,1
Intraepithelial Neoplasia,1
Intestinal metaplasia,1
Intermittent painful muscle spasms,1
Interleukin 2 Measurement,1
Interleukin 17 Measurement,1
Interleukin 1 Receptor Antagonist Measurement,1
Iron binding capacity total measurement,1
Intercritical gout,1
Inherited bone marrow failure syndrome,1
Infertility,1
Infantile myofibromatosis,1
Infantile muscular hypotonia,1
Infantile Spasm,1
Induced vaginal delivery,1
Inverted Squamous Cell Papilloma,1
Irregular ossification at anterior rib ends,1
Large head (disorder),1
Keratocystic Odontogenic Tumor,1
Lafora Disease,1
"LEUKOENCEPHALOPATHY, PROGRESSIVE, WITH OVARIAN FAILURE",1
"46, XY female",1
Kyphosis deformity of spine,1
Klippel Feil syndrome recessive type,1
Klatskin Tumor,1
Kidney Failure,1
Keratoconus,1
Ischemia of kidney,1
Juvenile Neuronal Ceroid Lipofuscinosis,1
Juvenile Myoclonic Epilepsy,1
Job Syndrome,1
Jeune thoracic dystrophy,1
Jervell-Lange Nielsen Syndrome,1
Jaw Keratocyst,1
Jarcho-Levin syndrome,1
Lymphangioma,1
Lymphatic Metastasis,1
Inattention,1
Mental deficiency,1
Metaphyseal sclerosis,1
Metaphyseal chondrodysplasia,1
Metabolic acidosis,1
Metabolic Syndrome X,1
Mesoaxial polydactyly,1
Mesenchymal Cell Neoplasm,1
Mental deterioration,1
"Mental Retardation, Psychosocial",1
Metaphyseal widening,1
Mental Retardation,1
"Meningitis, Pneumococcal",1
"Meningitis, Bacterial",1
Memory impairment,1
Memory Loss,1
"Memory Impairment, CTCAE 5.0",1
"Memory Impairment, CTCAE 3.0",1
Metaphyseal spurs,1
Metastatic Renal Cell Cancer,1
Meckel-Gruber syndrome,1
Midface retrusion,1
Mitochondrial Myopathies,1
Mitochondrial Encephalomyopathies,1
Mitochondrial Diseases,1
Miscarriage,1
Miller-McKusick-Malvaux-Syndrome (3M Syndrome),1
Migraine Disorders,1
Midline notch of upper alveolar ridge,1
Micronychia (disorder),1
Metastatic Renal Cell Carcinoma,1
Microdontia (disorder),1
Microdeletion syndromes,1
Microcephaly (physical finding),1
Microcephalic sperm head,1
Microalbuminuria,1
Metastatic urothelial carcinoma,1
Metastatic malignant neoplasm to brain,1
Melanocytoma,1
Meckel syndrome type 1,1
Lymphedema,1
MUNGAN SYNDROME,1
Magnesium measurement,1
Maculopathy with diabetes mellitus,1
Macrotia,1
Macrostomia,1
Macroglossia,1
Machado-Joseph Disease,1
MYOTONIC DYSTROPHY 1,1
MSI-low,1
Malabsorption Syndrome,1
MSI-high,1
MRSA - Methicillin resistant Staphylococcus aureus infection,1
"MIGRAINE WITH OR WITHOUT AURA, SUSCEPTIBILITY TO, 1",1
"MENTAL RETARDATION, AUTOSOMAL RECESSIVE 39",1
Lysosomal Storage Diseases,1
"Lymphoma, Large-Cell, Follicular",1
"Lymphoma, Follicular",1
Malabsorption,1
"Malabsorption, CTCAE",1
Mechanical Allodynia,1
Malignant neoplasm of mouth,1
Marinesco-Sjogren syndrome,1
Mantle cell lymphoma,1
Manic Disorder,1
Manic,1
Mammary gland tumor,1
Malignant neoplasm of testis,1
Malignant neoplasm of salivary gland,1
Malignant neoplasm of gallbladder,1
Malar flattening,1
Malignant neoplasm of fallopian tube,1
"Malignant lymphoma, lymphocytic, intermediate differentiation, diffuse",1
Malignant ascites,1
Malignant Squamous Cell Neoplasm,1
Malignant Peripheral Nerve Sheath Tumor,1
Malignant Glioma,1
Male sterility,1
Increased vertebral height,1
Impaired vibration sensation at ankles,1
Embryonal Carcinoma,1
Flexion contracture - wrist,1
GLYCOSYLPHOSPHATIDYLINOSITOL BIOSYNTHESIS DEFECT 18,1
Fuchs Endothelial Dystrophy,1
Frontal lobe hypoplasia,1
Fragile X Syndrome,1
Fourth cranial nerve paresis,1
Forgetful,1
Flexion contracture of proximal interphalangeal joint,1
Flexion contracture - elbow,1
Gait Ataxia,1
Flexion contracture,1
Flat face,1
Fistula of genitourinary tract,1
Fever,1
Femoral bowing,1
Feeling despair,1
Fecal Incontinence,1
GRN-related frontotemporal dementia,1
"Gastritis, Atrophic",1
Fatty Liver,1
"Glossitis, Benign Migratory",1
Growth delay,1
Gross motor development delay,1
Gray Platelet Syndrome,1
Gonorrhea,1
"Gonadal Dysgenesis, Mixed",1
"Gonadal Dysgenesis, 45,X",1
"Glycosuria, Renal",1
"Glaucoma, Primary Open Angle",1
Gastroesophageal reflux disease,1
Gingivitis,1
Gingival Overgrowth,1
"Generalized Edema, CTCAE",1
Gender Dysphoria,1
Gemistocytic astrocytoma,1
Gastrointestinal dysmotility,1
Gastrointestinal Stromal Tumors,1
Fatty acid measurement,1
Fatal Familial Insomnia,1
HER2 gene amplification,1
Enlargement of the costochondral junction,1
Epstein-Barr Virus Infections,1
Epithelioma,1
Epithelial inclusion cyst,1
Epithelial hyperplasia,1
Episodic tachypnea,1
Episodic Kinesigenic Dyskinesia 1,1
Epileptic Seizures,1
Enlarged thorax,1
Erythema Chronicum Migrans,1
Endotoxemia,1
Endothelial dysfunction,1
"Endometrial stromal sarcoma, high grade",1
Endometrial Hyperplasia,1
Encephalopathies,1
Encephalocele,1
Encapsulated Thymoma,1
Erectile dysfunction,1
Erythroleukemia (Erythroid/Myeloid),1
Fasting blood sugar result,1
Eyelid Sebaceous Gland Carcinoma,1
Familial primary gastric lymphoma,1
Familial multiple trichoepitheliomata,1
Falls,1
Fallopian Tube Carcinoma,1
Facial hypotonia,1
Facial diplegia,1
Facial Paresis,1
Extraversion (Psychology),1
Esophageal Neoplasms,1
Extrahepatic Cholangiocarcinoma,1
Exotropia,1
Exophthalmos,1
Exocrine pancreatic insufficiency,1
Ewings sarcoma-primitive neuroectodermal tumor (PNET),1
Eversion of lower lip,1
Essential Tremor,1
Gynecomastia,1
HER2-negative breast cancer,1
Impaired nasal mucociliary clearance,1
Hyperlipidemia,1
Hyperreflexia in upper limbs,1
Hyperplastic Polyp,1
Hyperphenylalaninaemia,1
Hyperphagia,1
"Hyperparathyroidism, Primary",1
Hyperparathyroidism,1
Hyperostosis,1
Hyperinsulinism,1
Hypertriglyceridemia,1
Hyperglycemia,1
Hyperechogenic kidneys,1
Hyperactive patellar reflex,1
"Hydrops Fetalis, Non-Immune",1
Hydronephrosis,1
Hurthle Cell Tumor,1
Huntington Disease,1
Hypertrichosis,1
"Hypertrophic disorder of skin, unspecified",1
Hodgkin Disease,1
Hypothalamic hamartomas,1
Immotile cilia,1
Illusions,1
IgE-mediated food allergy,1
Idiopathic Interstitial Pneumonias,1
Ichthyoses,1
Hypotrichosis simplex,1
Hypothyroidism,1
Hypotension,1
Hypodontia,1
Hyporeflexia,1
Hypoplastic pelvis,1
Hypoplastic finger,1
Hypoplasia of the ear cartilage,1
Hypoplasia of olfactory tract,1
Hypopigmentation-immunodeficiency disease,1
Hypogonadotropic hypogonadism,1
Hormone refractory prostate cancer,1
Hirschsprung Disease,1
HIV-1 infection,1
Hand polydactyly,1
Hematopoietic Neoplasms,1
Hematocrit procedure,1
Hemangioma,1
Hemangioblastoma,1
Heart Diseases,1
Headache,1
Hay fever,1
Hamman-Rich syndrome,1
Hemopexin measurement,1
Hamartoma of tongue,1
Hamartoma,1
Hallux Valgus,1
Halitosis,1
Hairy Cell Leukemia,1
"HYPOTONIA, INFANTILE, WITH PSYCHOMOTOR RETARDATION",1
"HYPER-IgE RECURRENT INFECTION SYNDROME 3, AUTOSOMAL RECESSIVE",1
Hemiparesis,1
Henoch-Schoenlein Purpura,1
Hippocampal sclerosis,1
"Hernia, Inguinal",1
Hip joint varus deformity - observation,1
"High, narrow palate",1
High forehead,1
High Grade Lymphoma (neoplasm),1
High Grade Cervical Intraepithelial Neoplasia,1
Herpes Simplex Infections,1
Heroin Dependence,1
Hereditary spherocytosis,1
"Hepatic Fibrosis, Congenital",1
Hereditary Prostate Carcinoma,1
Hepatosplenomegaly,1
Hepatoblastoma,1
"Hepatitis, Toxic",1
"Hepatitis, Drug-Induced",1
Hepatitis D Infection,1
"Hepatitis C, Chronic",1
LEOPARD Syndrome,1
